{"dependency_paths": {}, "running": false, "start_time": 1676574424.9507985, "elapsed_time": 0.1013190746307373, "monitoring": {"ts": 1676574424.9518085, "cpu": 0.4, "memory": {"total": 78.47254180908203, "free": 49.81498336791992}, "storage": {"total": 577.5371055603027, "free": 251.12223052978516}}, "end_time": 1676574425.1379693, "duration": 0.18717074394226074}